{"cameraMode":{"drawMode":0,"name":"Shaded","section":"Shading Mode"},"sceneLighting":false,"audioPlay":false,"sceneViewState":{"showFog":true,"showMaterialUpdate":false,"showSkybox":false,"showFlares":true,"showImageEffects":true,"showParticleSystems":true},"in2DMode":false,"pivot":{"x":-0.00653529167175293,"y":4.438378810882568,"z":-0.01738452911376953},"rotation":{"x":0.22466935217380525,"y":-0.0426429845392704,"z":0.010205626487731934,"w":0.9735974669456482},"size":15.862451553344727,"orthographic":false}