{"cameraMode":{"drawMode":0,"name":"Shaded","section":"Shading Mode"},"sceneLighting":true,"audioPlay":false,"sceneViewState":{"showFog":true,"showMaterialUpdate":false,"showSkybox":true,"showFlares":true,"showImageEffects":true,"showParticleSystems":true},"in2DMode":false,"pivot":{"x":-1169.38623046875,"y":49.96567153930664,"z":7005.14697265625},"rotation":{"x":-0.04386875778436661,"y":-0.8869611024856567,"z":0.08623433858156204,"w":-0.4516953229904175},"size":6.658742904663086,"orthographic":false}