{"cameraMode":{"drawMode":0,"name":"Shaded","section":"Shading Mode"},"sceneLighting":true,"audioPlay":false,"sceneViewState":{"showFog":true,"showMaterialUpdate":false,"showSkybox":true,"showFlares":true,"showImageEffects":true,"showParticleSystems":true},"in2DMode":false,"pivot":{"x":-1119.45947265625,"y":29.56111717224121,"z":6872.025390625},"rotation":{"x":0.13844624161720277,"y":0.6996084451675415,"z":-0.14098845422267915,"w":0.686719536781311},"size":3.545731544494629,"orthographic":false}