{"cameraMode":{"drawMode":0,"name":"Shaded","section":"Shading Mode"},"sceneLighting":true,"audioPlay":false,"sceneViewState":{"showFog":true,"showMaterialUpdate":false,"showSkybox":true,"showFlares":true,"showImageEffects":true,"showParticleSystems":true},"in2DMode":false,"pivot":{"x":-25.51748275756836,"y":17.03568458557129,"z":-45.73613357543945},"rotation":{"x":0.15621738135814668,"y":0.0245314110070467,"z":-0.003988112322986126,"w":0.98749178647995},"size":62.48258590698242,"orthographic":false}