{"cameraMode":{"drawMode":0,"name":"Shaded","section":"Shading Mode"},"sceneLighting":false,"audioPlay":false,"sceneViewState":{"showFog":true,"showMaterialUpdate":false,"showSkybox":false,"showFlares":true,"showImageEffects":true,"showParticleSystems":true},"in2DMode":false,"pivot":{"x":10.15999984741211,"y":0.9307589530944824,"z":-1.7799999713897706},"rotation":{"x":0.02439722791314125,"y":0.9732204675674439,"z":-0.19253185391426087,"w":0.12326304614543915},"size":2.8578836917877199,"orthographic":false}