{"cameraMode":{"drawMode":0,"name":"Shaded","section":"Shading Mode"},"sceneLighting":true,"audioPlay":false,"sceneViewState":{"showFog":true,"showMaterialUpdate":false,"showSkybox":true,"showFlares":true,"showImageEffects":true,"showParticleSystems":true},"in2DMode":false,"pivot":{"x":8.527519226074219,"y":38.09394836425781,"z":-120.6336669921875},"rotation":{"x":-0.006660315673798323,"y":0.9846384525299072,"z":0.03690176457166672,"w":0.17119905352592469},"size":67.81297302246094,"orthographic":false}