{"cameraMode":{"drawMode":0,"name":"Shaded","section":"Shading Mode"},"sceneLighting":false,"audioPlay":false,"sceneViewState":{"showFog":true,"showMaterialUpdate":false,"showSkybox":false,"showFlares":true,"showImageEffects":true,"showParticleSystems":true},"in2DMode":false,"pivot":{"x":4.337318420410156,"y":7.857616424560547,"z":-1.6246318817138672},"rotation":{"x":-0.2544747292995453,"y":-0.4652709662914276,"z":0.1416182667016983,"w":-0.8359251022338867},"size":43.018882751464847,"orthographic":false}