{"cameraMode":{"drawMode":0,"name":"Shaded","section":"Shading Mode"},"sceneLighting":true,"audioPlay":false,"sceneViewState":{"showFog":true,"showMaterialUpdate":false,"showSkybox":true,"showFlares":true,"showImageEffects":true,"showParticleSystems":true},"in2DMode":false,"pivot":{"x":-3.554011583328247,"y":4.483895301818848,"z":8.687273025512696},"rotation":{"x":-0.07470687478780747,"y":0.22771218419075013,"z":-0.017526261508464814,"w":-0.9707172513008118},"size":8.507964134216309,"orthographic":false}