{"cameraMode":{"drawMode":0,"name":"Shaded","section":"Shading Mode"},"sceneLighting":false,"audioPlay":false,"sceneViewState":{"showFog":true,"showMaterialUpdate":false,"showSkybox":false,"showFlares":true,"showImageEffects":true,"showParticleSystems":true},"in2DMode":false,"pivot":{"x":2.6067733764648439,"y":15.861608505249024,"z":-1.4600677490234376},"rotation":{"x":-0.008655436336994172,"y":0.988821804523468,"z":-0.13461939990520478,"w":-0.06356760859489441},"size":23.334524154663087,"orthographic":false}