{"cameraMode":{"drawMode":0,"name":"Shaded","section":"Shading Mode"},"sceneLighting":true,"audioPlay":false,"sceneViewState":{"showFog":true,"showMaterialUpdate":false,"showSkybox":true,"showFlares":true,"showImageEffects":true,"showParticleSystems":true},"in2DMode":false,"pivot":{"x":95.30438232421875,"y":-76.43836975097656,"z":-70.13246154785156},"rotation":{"x":0.050890885293483737,"y":0.7571439743041992,"z":-0.059414006769657138,"w":0.648555338382721},"size":495.2889709472656,"orthographic":false}