{"cameraMode":{"drawMode":0,"name":"Shaded","section":"Shading Mode"},"sceneLighting":true,"audioPlay":false,"sceneViewState":{"showFog":true,"showMaterialUpdate":false,"showSkybox":true,"showFlares":true,"showImageEffects":true,"showParticleSystems":true},"in2DMode":false,"pivot":{"x":21.16649627685547,"y":2.8666555881500246,"z":42.50151062011719},"rotation":{"x":0.002821726957336068,"y":-0.8943500518798828,"z":0.005643312819302082,"w":0.44733577966690066},"size":3.3000826835632326,"orthographic":false}