{"cameraMode":{"drawMode":0,"name":"Shaded","section":"Shading Mode"},"sceneLighting":true,"audioPlay":false,"sceneViewState":{"showFog":true,"showMaterialUpdate":false,"showSkybox":true,"showFlares":true,"showImageEffects":true,"showParticleSystems":true},"in2DMode":false,"pivot":{"x":0.006300000473856926,"y":23.823427200317384,"z":0.019304795190691949},"rotation":{"x":-0.00024165003560483456,"y":-0.9996001720428467,"z":0.027305396273732187,"w":-0.008706830441951752},"size":0.05455978214740753,"orthographic":false}