{"cameraMode":{"drawMode":0,"name":"Shaded","section":"Shading Mode"},"sceneLighting":true,"audioPlay":false,"sceneViewState":{"showFog":true,"showMaterialUpdate":false,"showSkybox":true,"showFlares":true,"showImageEffects":true,"showParticleSystems":true},"in2DMode":false,"pivot":{"x":28.476606369018556,"y":7.887051105499268,"z":-61.60883331298828},"rotation":{"x":0.00010985075641656294,"y":-0.9950228333473206,"z":-0.0011852820171043277,"w":-0.10004006326198578},"size":70.00360107421875,"orthographic":false}