{"cameraMode":{"drawMode":0,"name":"Shaded","section":"Shading Mode"},"sceneLighting":true,"audioPlay":false,"sceneViewState":{"showFog":true,"showMaterialUpdate":false,"showSkybox":true,"showFlares":true,"showImageEffects":true,"showParticleSystems":true},"in2DMode":false,"pivot":{"x":540.7040405273438,"y":-333.3417053222656,"z":-301.7596435546875},"rotation":{"x":0.12624816596508027,"y":0.8367527723312378,"z":-0.21705549955368043,"w":0.4866744875907898},"size":710.2239990234375,"orthographic":false}