{"cameraMode":{"drawMode":0,"name":"Shaded","section":"Shading Mode"},"sceneLighting":true,"audioPlay":false,"sceneViewState":{"showFog":true,"showMaterialUpdate":false,"showSkybox":true,"showFlares":true,"showImageEffects":true,"showParticleSystems":true},"in2DMode":false,"pivot":{"x":1112.7996826171875,"y":275.5432434082031,"z":-1003.7236328125},"rotation":{"x":-0.185590922832489,"y":0.34748348593711855,"z":-0.07037417590618134,"w":-0.9164538383483887},"size":8.70408821105957,"orthographic":false}