{"cameraMode":{"drawMode":0,"name":"Shaded","section":"Shading Mode"},"sceneLighting":true,"audioPlay":false,"sceneViewState":{"showFog":true,"showMaterialUpdate":false,"showSkybox":true,"showFlares":true,"showImageEffects":true,"showParticleSystems":true},"in2DMode":false,"pivot":{"x":-19.28592872619629,"y":44.088504791259769,"z":59.30150604248047},"rotation":{"x":-0.13006213307380677,"y":-0.28425973653793337,"z":-0.0389549620449543,"w":0.9490900039672852},"size":39.13666534423828,"orthographic":false}