{"cameraMode":{"drawMode":0,"name":"Shaded","section":"Shading Mode"},"sceneLighting":true,"audioPlay":false,"sceneViewState":{"showFog":true,"showMaterialUpdate":false,"showSkybox":true,"showFlares":true,"showImageEffects":true,"showParticleSystems":true},"in2DMode":false,"pivot":{"x":-5.155498504638672,"y":7.439716815948486,"z":4.921405792236328},"rotation":{"x":0.059548381716012958,"y":0.78155118227005,"z":-0.07550476491451264,"w":0.616396427154541},"size":3.718325614929199,"orthographic":false}