{"cameraMode":{"drawMode":0,"name":"Shaded","section":"Shading Mode"},"sceneLighting":false,"audioPlay":false,"sceneViewState":{"showFog":true,"showMaterialUpdate":false,"showSkybox":false,"showFlares":true,"showImageEffects":true,"showParticleSystems":true},"in2DMode":false,"pivot":{"x":30.116689682006837,"y":5.850459098815918,"z":-10.53569507598877},"rotation":{"x":0.012348460033535958,"y":0.9779398441314697,"z":-0.1995716392993927,"w":0.06051568314433098},"size":14.097606658935547,"orthographic":false}