{"cameraMode":{"drawMode":0,"name":"Shaded","section":"Shading Mode"},"sceneLighting":true,"audioPlay":false,"sceneViewState":{"showFog":true,"showMaterialUpdate":false,"showSkybox":true,"showFlares":true,"showImageEffects":true,"showParticleSystems":true},"in2DMode":false,"pivot":{"x":-1.1184406280517579,"y":4.408308029174805,"z":8.619285583496094},"rotation":{"x":-0.04800673946738243,"y":0.8039711713790894,"z":-0.06551521271467209,"w":-0.5891238451004028},"size":8.507964134216309,"orthographic":false}