{"cameraMode":{"drawMode":0,"name":"Shaded","section":"Shading Mode"},"sceneLighting":true,"audioPlay":false,"sceneViewState":{"showFog":true,"showMaterialUpdate":false,"showSkybox":true,"showFlares":true,"showImageEffects":true,"showParticleSystems":true},"in2DMode":false,"pivot":{"x":-189.11477661132813,"y":266.6558837890625,"z":173.78195190429688},"rotation":{"x":0.04683395475149155,"y":-0.9019076228141785,"z":-0.10112747550010681,"w":-0.41743943095207217},"size":1338.085205078125,"orthographic":false}