{"cameraMode":{"drawMode":0,"name":"Shaded","section":"Shading Mode"},"sceneLighting":false,"audioPlay":false,"sceneViewState":{"showFog":true,"showMaterialUpdate":false,"showSkybox":false,"showFlares":true,"showImageEffects":true,"showParticleSystems":true},"in2DMode":false,"pivot":{"x":11.18033218383789,"y":-4.755451202392578,"z":6.2869038581848148},"rotation":{"x":0.13405662775039674,"y":0.5153636336326599,"z":-0.08202243596315384,"w":0.842466413974762},"size":17.147315979003908,"orthographic":false}