{"cameraMode":{"drawMode":0,"name":"Shaded","section":"Shading Mode"},"sceneLighting":true,"audioPlay":false,"sceneViewState":{"showFog":true,"showMaterialUpdate":false,"showSkybox":true,"showFlares":true,"showImageEffects":true,"showParticleSystems":true},"in2DMode":false,"pivot":{"x":0.5697561502456665,"y":1.084816813468933,"z":0.13625545799732209},"rotation":{"x":0.040853019803762439,"y":-0.4876597821712494,"z":0.02281877025961876,"w":0.8718200922012329},"size":8.083316802978516,"orthographic":false}